{
  "step": "e",
  "description": "Shared scale \u2014 1 scalar per atom applied to all 3 coords (KEY TEST for log-det exploitation)",
  "best_loss": -1.8919012546539307,
  "best_step": 4874,
  "final_loss": -1.8640187978744507,
  "valid_fraction": 0.402,
  "nll_per_dof": -1.8640187978744507,
  "logdet_per_dof": 0.08751636257878057,
  "n_params": 6364240
}